{
  "providers": [
    {
      "type": "bitmap",
      "file": "minecraft:font/membro.png",
      "ascent": 8,
      "height": 8,
      "chars": [
        "\ue001"
      ]
    },
    {
      "type": "bitmap",
      "file": "minecraft:font/bronze.png",
      "ascent": 8,
      "height": 8,
      "chars": [
        "\ue002"
      ]
    },
    {
      "type": "bitmap",
      "file": "minecraft:font/prata.png",
      "ascent": 8,
      "height": 8,
      "chars": [
        "\ue003"
      ]
    },
    {
      "type": "bitmap",
      "file": "minecraft:font/ouro.png",
      "ascent": 8,
      "height": 8,
      "chars": [
        "\ue004"
      ]
    },
    {
      "type": "bitmap",
      "file": "minecraft:font/vip.png",
      "ascent": 8,
      "height": 8,
      "chars": [
        "\ue005"
      ]
    },
    {
      "type": "bitmap",
      "file": "minecraft:font/builder.png",
      "ascent": 8,
      "height": 8,
      "chars": [
        "\ue006"
      ]
    },
    {
      "type": "bitmap",
      "file": "minecraft:font/operador.png",
      "ascent": 8,
      "height": 8,
      "chars": [
        "\ue007"
      ]
    },
    {
      "type": "bitmap",
      "file": "minecraft:font/admin.png",
      "ascent": 8,
      "height": 8,
      "chars": [
        "\ue008"
      ]
    },
    {
      "type": "bitmap",
      "file": "minecraft:font/owner.png",
      "ascent": 8,
      "height": 8,
      "chars": [
        "\ue009"
      ]
    }
  ]
}