{
  "providers": [
    {
      "type": "bitmap",
      "file": "megasmp:textures/ranks/rank1.png",
      "ascent": 8,
      "height": 8,
      "chars": [
        "\ue001"
      ]
    },
    {
      "type": "bitmap",
      "file": "megasmp:textures/ranks/rank2.png",
      "ascent": 8,
      "height": 8,
      "chars": [
        "\ue002"
      ]
    },
    {
      "type": "bitmap",
      "file": "megasmp:textures/ranks/rank3.png",
      "ascent": 8,
      "height": 8,
      "chars": [
        "\ue003"
      ]
    },
    {
      "type": "bitmap",
      "file": "megasmp:textures/ranks/rank4.png",
      "ascent": 8,
      "height": 8,
      "chars": [
        "\ue004"
      ]
    },
    {
      "type": "bitmap",
      "file": "megasmp:textures/ranks/rank5.png",
      "ascent": 8,
      "height": 8,
      "chars": [
        "\ue005"
      ]
    },
    {
      "type": "bitmap",
      "file": "megasmp:textures/ranks/rank6.png",
      "ascent": 8,
      "height": 8,
      "chars": [
        "\ue006"
      ]
    },
    {
      "type": "bitmap",
      "file": "megasmp:textures/ranks/rank7.png",
      "ascent": 8,
      "height": 8,
      "chars": [
        "\ue007"
      ]
    },
    {
      "type": "bitmap",
      "file": "megasmp:textures/ranks/rank8.png",
      "ascent": 8,
      "height": 8,
      "chars": [
        "\ue008"
      ]
    },
    {
      "type": "bitmap",
      "file": "megasmp:textures/ranks/rank9.png",
      "ascent": 8,
      "height": 8,
      "chars": [
        "\ue009"
      ]
    },
    {
      "type": "bitmap",
      "file": "megasmp:textures/ranks/rank10.png",
      "ascent": 8,
      "height": 8,
      "chars": [
        "\ue00a"
      ]
    },
    {
      "type": "bitmap",
      "file": "megasmp:textures/ranks/rank11.png",
      "ascent": 8,
      "height": 8,
      "chars": [
        "\ue00b"
      ]
    }
  ]
}